date,end_date,name,country_code,year,status,date_status,source_urls
2028-01-01,,元旦,JP,2028,statutory,confirmed,https://www8.cao.go.jp/chosei/shukujitsu/gaiyou.html https://laws.e-gov.go.jp/law/323AC1000000178
2028-01-10,,成人之日,JP,2028,statutory,confirmed,https://www8.cao.go.jp/chosei/shukujitsu/gaiyou.html https://laws.e-gov.go.jp/law/323AC1000000178
2028-02-11,,建国纪念日,JP,2028,statutory,confirmed,https://www8.cao.go.jp/chosei/shukujitsu/gaiyou.html https://laws.e-gov.go.jp/law/323AC1000000178 https://laws.e-gov.go.jp/law/341CO0000000376
2028-02-23,,天皇诞生日,JP,2028,statutory,confirmed,https://www8.cao.go.jp/chosei/shukujitsu/gaiyou.html https://laws.e-gov.go.jp/law/323AC1000000178
2028-03-20,,春分之日,JP,2028,statutory,estimated,https://www8.cao.go.jp/chosei/shukujitsu/gaiyou.html https://laws.e-gov.go.jp/law/323AC1000000178 https://www.nao.ac.jp/faq/a0301.html
2028-04-29,,昭和之日,JP,2028,statutory,confirmed,https://www8.cao.go.jp/chosei/shukujitsu/gaiyou.html https://laws.e-gov.go.jp/law/323AC1000000178
2028-05-03,,宪法纪念日,JP,2028,statutory,confirmed,https://www8.cao.go.jp/chosei/shukujitsu/gaiyou.html https://laws.e-gov.go.jp/law/323AC1000000178
2028-05-04,,绿之日,JP,2028,statutory,confirmed,https://www8.cao.go.jp/chosei/shukujitsu/gaiyou.html https://laws.e-gov.go.jp/law/323AC1000000178
2028-05-05,,儿童节,JP,2028,statutory,confirmed,https://www8.cao.go.jp/chosei/shukujitsu/gaiyou.html https://laws.e-gov.go.jp/law/323AC1000000178
2028-07-17,,海之日,JP,2028,statutory,confirmed,https://www8.cao.go.jp/chosei/shukujitsu/gaiyou.html https://laws.e-gov.go.jp/law/323AC1000000178
2028-08-11,,山之日,JP,2028,statutory,confirmed,https://www8.cao.go.jp/chosei/shukujitsu/gaiyou.html https://laws.e-gov.go.jp/law/323AC1000000178
2028-09-18,,敬老之日,JP,2028,statutory,confirmed,https://www8.cao.go.jp/chosei/shukujitsu/gaiyou.html https://laws.e-gov.go.jp/law/323AC1000000178
2028-09-22,,秋分之日,JP,2028,statutory,estimated,https://www8.cao.go.jp/chosei/shukujitsu/gaiyou.html https://laws.e-gov.go.jp/law/323AC1000000178 https://www.nao.ac.jp/faq/a0301.html
2028-10-09,,体育之日,JP,2028,statutory,confirmed,https://www8.cao.go.jp/chosei/shukujitsu/gaiyou.html https://laws.e-gov.go.jp/law/323AC1000000178
2028-11-03,,文化之日,JP,2028,statutory,confirmed,https://www8.cao.go.jp/chosei/shukujitsu/gaiyou.html https://laws.e-gov.go.jp/law/323AC1000000178
2028-11-23,,勤劳感谢日,JP,2028,statutory,confirmed,https://www8.cao.go.jp/chosei/shukujitsu/gaiyou.html https://laws.e-gov.go.jp/law/323AC1000000178
2028-12-29,2029-01-03,年末年初假期,JP,2028,discretionary,confirmed,https://laws.e-gov.go.jp/law/363AC0000000091
